Input Host,IPv4,FQDN,Country,Postal,City,State,Lat,Long,VirusTotal Detected URLs,VirusTotal Detected Communicating Samples,VirusTotal Detected Downloaded Samples,VirusTotal Link,PassiveTotal Whois Contact Email,PassiveTotal Whois Server,PassiveTotal Whois Updated,PassiveTotal Whois Admin Organization,PassiveTotal Whois Tech Organization,PassiveTotal Whois Registrant Organization,PassiveTotal Whois Registrant Name,PassiveTotal Whois Country,PassiveTotal Whois Registrar,PassiveTotal Enrichment Network,PassiveTotal Enrichment Tags,PassiveTotal Enrichment Country,PassiveTotal Enrichment Longitude,PassiveTotal Enrichment Latitude,PassiveTotal Enrichment Sinkhole,PassiveTotal Enrichment ASN,PassiveTotal Enrichment ASN Name,PassiveTotal Enrichment Ever Compromised,PassiveTotal Enrichment Primary Domain,PassiveTotal Enrichment Dynamic DNS,PassiveTotal Enrichment Sub Domains,PassiveTotal Enrichment Top Level Domain,PassiveTotal Malware Samples,PassiveTotal OSInt Samples,Shodan Org,Shodan ISP,Shodan Hostnames,Shodan ASN,Shodan Ports,Shodan City,Shodan Region Code,Shodan Postal Code,Shodan Country Name,Shodan Country Code,Shodan Country Code 3,Shodan Tags,Shodan Area Code,Shodan DMA Code,Shodan Last Update,Shodan Latitude,Shodan Longitude,Shodan Total Hits,Shodan URL,Censys IPv4 Tags,Censys IPv4 Updated At,Censys IPv4 City,Censys IPv4 Province,Censys IPv4 Country,Censys IPv4 Country Code,Censys IPv4 Longitude,Censys IPv4 Latitude,Censys IPv4 Registered Country,Censys IPv4 Registered Country Code,Censys IPv4 Postal Code,Censys IPv4 Time Zone,Censys IPv4 Continent,Censys IPv4 ASN Org,Censys IPv4 ASN Description,Censys IPv4 ASN RIR,Censys IPv4 ASN Routed Prefix,Censys IPv4 ASN Country Code,Censys IPv4 ASN Path,Censys IPv4 ASN ASN,Censys IPv4 ASN Name,Censys IPv4 Protocols,Censys Matching Endpoints,Censys URL,ThreatCrowd URL,ThreatCrowd Votes,ThreatCrowd References,ThreatCrowd Number of Hashes,ThreatCrowd Number of Resolutions,ThreatCrowd Number of Subdomains,ThreatCrowd Emails,OTX URL,OTX General Postal Code,OTX General Country Code,OTX General City,OTX General Whois,OTX General DMA Code,OTX General Country Name,OTX General Area Code,OTX General Continent Code,OTX General Latitude,OTX General Longitude,OTX General ASN,OTX General Country Code 3,OTX Reputation AS,OTX Reputation Threat Score,OTX Reputation First Seen,OTX Reputation Tags,OTX Reputation Last Seen,OTX Reputation Org,OTX Reputation Country,ISC URL,ISC Count,ISC Comment,ISC Updated,ISC Threat Feeds,ISC Network,ISC Attacks,ISC Min Date,ISC Max Date,ISC Number,ISC Max Risk,ISC AS,ISC AS Name,ISC AS Size,ISC AS Country,ISC AS Abuse Contact,ISC Alexa Domains,ISC Alexa Last Rank,ISC Alexa Host Name,ISC Alexa First Seen,ISC Alexa Last Seen
114.34.84.13,114.34.84.13,114-34-84-13.HINET-IP.hinet.net.,Taiwan,None,Taipei,None,25.0392,121.525,0,0,,https://www.virustotal.com/en/ip-address/114.34.84.13/information/,network-adm@hinet.net,whois.apnic.net,2006-10-31,,,HINET-NET,"Data Communication Business Group,",tw,APNIC,114.34.0.0/16,hinetdata_communication_business_group,TW,121.525,25.0392,False,3462,HINET Data Communication Business Group,False,,,,,0,0,HiNet,HiNet,114-34-84-13.HINET-IP.hinet.net,AS3462,80; 23; 554,None,None,None,Taiwan,TW,TWN,,None,None,2016-08-31T02:01:18.518049,23.5,121.0,,https://www.shodan.io/host/114.34.84.13,http,2016-09-10T22:19:01+00:00,,,Taiwan,TW,121.0,23.5,Taiwan,TW,,Asia/Taipei,Asia,"Data Communication Business Group, TW","HINET Data Communication Business Group, TW",unknown,114.34.0.0/16,,"[7018, 9680, 9680, 3462]",3462,HINET,80/http,,https://censys.io/ipv4/114.34.84.13,https://www.threatcrowd.org/ip.php?ip=114.34.84.13,,,0,0,0,,https://otx.alienvault.com/indicator/ip/114.34.84.13,None,TW,Taipei,http://whois.domaintools.com/114.34.84.13,0,Taiwan,0,AS,25.0391998291,121.525001526,AS3462 Data Communication Business Group,TWN,,,,,,,,https://isc.sans.edu/ipinfo.html?ip=114.34.84.13,19,None,2016-09-01 22:11:14,,114.34.0.0/16,14,2016-08-04,2016-09-01,114.34.84.13,None,3462,"HINET Data Communication Business Group,",12379226,TW,cykang@ms1.hinet.net,,,,,
116.102.34.212,116.102.34.212,,Vietnam,None,Ho Chi Minh City,Ho Chi Minh City,10.8142,106.6438,0,0,,https://www.virustotal.com/en/ip-address/116.102.34.212/information/,soc@viettel.com.vn,whois.apnic.net,2006-12-01,VIETEL IPADMIN GROUP,VIETEL IPADMIN GROUP,VIETEL-VNNIC-VN,Viettel Corporation,vn,APNIC,116.102.32.0/20,viettel-as-vnviettel_corporation,VN,105.85,21.0333,False,24086,VIETTEL-AS-VN Viettel Corporation,False,,,,,0,0,,,,,,,,,,,,,,,,,,,No information available for that IP.,,,,,,,,,,,,,,,,,,,,,,,,https://censys.io/ipv4/116.102.34.212,https://www.threatcrowd.org/ip.php?ip=116.102.34.212,,,0,0,0,,https://otx.alienvault.com/indicator/ip/116.102.34.212,None,VN,Ho Chi Minh City,http://whois.domaintools.com/116.102.34.212,0,Vietnam,0,AS,10.8142004013,106.643798828,AS24086 Viettel Corporation,VNM,,,,,,,,https://isc.sans.edu/ipinfo.html?ip=116.102.34.212,9,None,2016-09-07 11:01:51,,116.102.32.0/20,5,2016-08-26,2016-08-27,116.102.34.212,None,24086,"VIETTEL-AS-VN Viettel Corporation,",165876,VN,tech@vnnic.vn,,,,,
118.75.180.168,118.75.180.168,168.180.75.118.adsl-pool.sx.cn.,China,None,Taiyuan,Shanxi,37.7269,112.4708,0,0,,https://www.virustotal.com/en/ip-address/118.75.180.168/information/,zhy0607@public.ty.sx.cn,whois.apnic.net,2006-12-01,,,sxcz-tunliu-BAS,sxcz-tunliu-BAS,cn,APNIC,118.72.0.0/13,china169-backbonechina169_backbone,CN,112.8819,36.3275,False,4837,CHINA169-BACKBONE CNCGROUP China169 Backbone,False,,,,,0,0,,,,,,,,,,,,,,,,,,,No information available for that IP.,http,2016-05-13T22:08:17+00:00,Linjiang,Shanxi Sheng,China,CN,112.8819,36.3275,China,CN,,Asia/Shanghai,Asia,"CNCGROUP China169 Backbone, CN","CHINA169-BACKBONE CNCGROUP China169 Backbone, CN",unknown,118.72.0.0/13,,"[7018, 4837]",4837,CHINA169-BACKBONE,80/http,,https://censys.io/ipv4/118.75.180.168,https://www.threatcrowd.org/ip.php?ip=118.75.180.168,,,0,0,0,,https://otx.alienvault.com/indicator/ip/118.75.180.168,None,CN,Taiyuan,http://whois.domaintools.com/118.75.180.168,0,China,0,AS,37.7268981934,112.470802307,AS4837 CNCGROUP China169 Backbone,CHN,,,,,,,,https://isc.sans.edu/ipinfo.html?ip=118.75.180.168,1,None,2016-08-26 01:41:05,,118.72.0.0/13,1,2016-08-24,2016-08-24,118.75.180.168,None,4837,"CHINA169-BACKBONE CNCGROUP China169 Backbone,",53561650,CN,zhouxm@chinaunicom.cn,,,,,
123.195.184.13,123.195.184.13,123-195-184-13.dynamic.kbronet.com.tw.,Taiwan,None,Taipei,None,25.0392,121.525,0,0,,https://www.virustotal.com/en/ip-address/123.195.184.13/information/,cm.manager@ethome.com.tw,whois.apnic.net,2005-12-01,,,TUNGHO-NET,TUNG HO MULTIMEDIA CO. Ltd.,tw,APNIC,123.195.160.0/19,tfn-twtaiwan_fixed_network,TW,121.525,25.0392,False,9924,TFN-TW Taiwan Fixed Network,False,,,,,0,0,"Taiwan Fixed Network, Telco and Network Service Pr",TUNG HO MULTIMEDIA CO. Ltd.,123-195-184-13.dynamic.kbronet.com.tw,AS9924,23; 80,Taipei,03,None,Taiwan,TW,TWN,,None,None,2016-08-18T21:31:47.095902,25.0392,121.525,,https://www.shodan.io/host/123.195.184.13,http,2016-09-13T20:52:01+00:00,Taipei,Taipei,Taiwan,TW,121.525,25.0392,Taiwan,TW,,Asia/Taipei,Asia,"Taiwan Fixed Network, Telco and Network Service Provider., TW","TFN-TW Taiwan Fixed Network, Telco and Network Service Provider., TW",unknown,123.195.160.0/19,,"[7018, 174, 9924]",9924,TFN-TW,80/http; 23/telnet,,https://censys.io/ipv4/123.195.184.13,https://www.threatcrowd.org/ip.php?ip=123.195.184.13,,,0,0,0,,https://otx.alienvault.com/indicator/ip/123.195.184.13,None,TW,Taipei,http://whois.domaintools.com/123.195.184.13,0,Taiwan,0,AS,25.0391998291,121.525001526,"AS9924 Taiwan Fixed Network, Telco and Network Service Provider.",TWN,,,,,,,,https://isc.sans.edu/ipinfo.html?ip=123.195.184.13,73,None,2016-09-03 18:21:34,,123.195.160.0/19,49,2016-05-16,2016-09-03,123.195.184.13,None,9924,"TFN-TW Taiwan Fixed Network, Telco and Network Service Provider.,",2012206,TW,hostmaster@twnic.net.tw,,,,,
14.110.216.236,14.110.216.236,,China,None,Chongqing,Chongqing,29.5628,106.5528,0,0,,https://www.virustotal.com/en/ip-address/14.110.216.236/information/,abuse@cta.cq.cn,whois.apnic.net,2009-12-04,CHINANET CQ,CHINANET CQ,CHINANET-CQ,CHINANET Chongqing Province Network,cn,APNIC,14.104.0.0/13,chinanet-backboneno31,CN,106.5528,29.5628,False,4134,CHINANET-BACKBONE No.31,False,,,,,0,0,,,,,,,,,,,,,,,,,,,No information available for that IP.,,,,,,,,,,,,,,,,,,,,,,,,https://censys.io/ipv4/14.110.216.236,https://www.threatcrowd.org/ip.php?ip=14.110.216.236,,,0,0,0,,https://otx.alienvault.com/indicator/ip/14.110.216.236,None,CN,Chongqing,http://whois.domaintools.com/14.110.216.236,0,China,0,AS,29.5627994537,106.55280304,AS4134 Chinanet,CHN,,,,,,,,https://isc.sans.edu/ipinfo.html?ip=14.110.216.236,11,None,2016-08-26 07:42:12,,14.104.0.0/13,10,2016-08-22,2016-08-26,14.110.216.236,None,4134,"CHINANET-BACKBONE No.31,Jin-rong Street,",108902447,CN,anti-spam@ns.chinanet.cn.net,,,,,
14.173.147.69,14.173.147.69,static.vnpt.vn.,Vietnam,None,Hanoi,Thanh Pho Ha Noi,21.0333,105.85,0,0,,https://www.virustotal.com/en/ip-address/14.173.147.69/information/,huypt@vnpt.vn,whois.apnic.net,2009-12-04,,,VNPT-VNNIC-VN,VietNam Post and Telecom Corporation,vn,APNIC,14.173.144.0/20,vnpt-as-vn,VN,105.85,21.0333,False,45899,VNPT-AS-VN VNPT Corp,False,,,,,0,0,,,,,,,,,,,,,,,,,,,No information available for that IP.,http,2016-09-15T04:13:55+00:00,Hanoi,Thanh Pho Ha Noi,Vietnam,VN,105.85,21.0333,Vietnam,VN,,Asia/Ho_Chi_Minh,Asia,"VNPT Corp, VN","VNPT-AS-VN VNPT Corp, VN",unknown,14.173.144.0/20,,"[11164, 3491, 45899, 45899]",45899,VNPT-AS-VN,80/http; 443/https,,https://censys.io/ipv4/14.173.147.69,https://www.threatcrowd.org/ip.php?ip=14.173.147.69,,,0,0,0,,https://otx.alienvault.com/indicator/ip/14.173.147.69,None,VN,Hanoi,http://whois.domaintools.com/14.173.147.69,0,Vietnam,0,AS,21.0333003998,105.849998474,AS45899 VNPT Corp,VNM,,,,,,,,https://isc.sans.edu/ipinfo.html?ip=14.173.147.69,3,None,2016-08-26 18:20:46,,14.173.144.0/20,3,2016-08-25,2016-08-26,14.173.147.69,None,45899,"VNPT-AS-VN VNPT Corp,",2885498,VN,tech@vnnic.vn,,,,,
14.181.192.151,14.181.192.151,static.vnpt.vn.,Vietnam,None,Hanoi,Thanh Pho Ha Noi,21.0333,105.85,0,0,,https://www.virustotal.com/en/ip-address/14.181.192.151/information/,huypt@vnpt.vn,whois.apnic.net,2009-12-04,,,VNPT-VNNIC-VN,VietNam Post and Telecom Corporation,vn,APNIC,14.181.192.0/20,vnpt-as-vn,VN,105.85,21.0333,False,45899,VNPT-AS-VN VNPT Corp,False,,,,,0,0,Vietnam Posts and Telecommunications(VNPT),VDC,static.vnpt.vn,,81,Hanoi,44,None,Vietnam,VN,VNM,,None,None,2016-08-19T20:26:31.593343,21.0333,105.85,,https://www.shodan.io/host/14.181.192.151,,,,,,,,,,,,,,,,,,,,,,,,https://censys.io/ipv4/14.181.192.151,https://www.threatcrowd.org/ip.php?ip=14.181.192.151,,,0,0,0,,https://otx.alienvault.com/indicator/ip/14.181.192.151,None,VN,Hanoi,http://whois.domaintools.com/14.181.192.151,0,Vietnam,0,AS,21.0333003998,105.849998474,AS45899 VNPT Corp,VNM,,,,,,,,https://isc.sans.edu/ipinfo.html?ip=14.181.192.151,45,None,2016-08-25 07:43:07,,14.181.192.0/18,43,2016-08-15,2016-08-25,14.181.192.151,None,45899,"VNPT-AS-VN VNPT Corp,",2885498,VN,tech@vnnic.vn,,,,,
146.120.11.66,146.120.11.66,static.res.bb.1461201166.dslon.ws.,Bosnia and Herzegovina,None,Gradacac,Federation of Bosnia and Herzegovina,44.8785,18.4276,0,0,,https://www.virustotal.com/en/ip-address/146.120.11.66/information/,abuse@ripe.net,whois://whois.ripe.net,2010-11-16,Abuse Contact,RIPE NCC Operations,DSLON-NET3,DSL-Elektronika d.o.o.,ba,ORG-Dd6-RIPE,146.120.8.0/22,telesat-astelesat_doo,CZ,15.5,49.75,False,57888,TELESAT-AS Telesat d.o.o.,False,,,,,0,0,DSL-Elektronika d.o.o.,DSL-Elektronika d.o.o.,static.res.bb.1461201166.dslon.ws,AS44546,554; 80; 23; 37777,Gradacac,01,None,Bosnia and Herzegovina,BA,BIH,,None,None,2016-08-29T00:24:32.170676,44.8785,18.4276,,https://www.shodan.io/host/146.120.11.66,http,2016-08-25T10:24:43+00:00,Modrica,Republika Srpska,Bosnia and Herzegovina,BA,18.302,44.9561,Czech Republic,CZ,,Europe/Sarajevo,Europe,", HR","TELESAT-AS , HR",unknown,146.120.8.0/22,,"[7018, 1299, 9146, 57888]",57888,TELESAT-AS,80/http; 23/telnet,,https://censys.io/ipv4/146.120.11.66,https://www.threatcrowd.org/ip.php?ip=146.120.11.66,,,0,0,0,,https://otx.alienvault.com/indicator/ip/146.120.11.66,None,BA,Gradacac,http://whois.domaintools.com/146.120.11.66,0,Bosnia and Herzegovina,0,EU,44.8785018921,18.4276008606,AS57888 TELESAT-AS,BIH,,,,,,,,https://isc.sans.edu/ipinfo.html?ip=146.120.11.66,57,None,2016-09-07 14:43:14,,146.120.8.0/22,48,2016-08-18,2016-09-07,146.120.11.66,None,57888,"TELESAT-AS ,",5627,HR,abuse@alfatelecom.cz,,,,,
163.172.149.131,163.172.149.131,131-149-172-163.rev.cloud.scaleway.com.,United Kingdom,SS2,Southend-on-Sea,Southend-on-Sea,51.5333,0.7,0,0,,https://www.virustotal.com/en/ip-address/163.172.149.131/information/,nobody@apnic.net,whois.apnic.net,1992-12-05,Internet Assigned Numbers Authority,Internet Assigned Numbers Authority,ERX-NETBLOCK,Early registration addresses,au,Administered by APNIC,163.172.0.0/16,as12876,GB,0.7,51.5333,False,12876,AS12876 ONLINE S.A.S.,False,,,,,0,0,,,,,,,,,,,,,,,,,,,No information available for that IP.,ssh,2016-08-24T14:29:36+00:00,Southend-on-Sea,England,United Kingdom,GB,0.7,51.5333,United Kingdom,GB,SS0,Europe/London,Europe,", FR","AS12876 , FR",unknown,163.172.0.0/16,,"[7018, 1299, 12876]",12876,AS12876,22/ssh,,https://censys.io/ipv4/163.172.149.131,https://www.threatcrowd.org/ip.php?ip=163.172.149.131,,,0,0,0,,https://otx.alienvault.com/indicator/ip/163.172.149.131,None,FR,None,http://whois.domaintools.com/163.172.149.131,0,France,0,EU,48.8582000732,2.33870005608,AS12876,FRA,12876,2,2016-09-10T07:52:14,Malicious Host,2016-09-16T20:35:50,Dedibox SAS,GB (United Kingdom),https://isc.sans.edu/ipinfo.html?ip=163.172.149.131,151969,None,2016-09-17 17:10:46,ciarmy,163.172.0.0/16,683,2016-08-13,2016-09-17,163.172.149.131,None,12876,"AS12876 ,",180217,FR,abuse@proxad.net,,,,,
172.217.2.197,172.217.2.197,iad23s23-in-f5.1e100.net.; iad23s23-in-f197.1e100.net.,United States,94043,Mountain View,California,37.4192,-122.0574,0,0,,https://www.virustotal.com/en/ip-address/172.217.2.197/information/,arin-contact@google.com,whois.arin.net,1992-12-05,Abuse,Google Inc,Google Inc.,,us,Administered by ARIN,172.217.0.0/16,malware; google,US,-122.0574,37.4192,False,15169,GOOGLE - Google Inc.,False,,,,,2,0,Google,Google,iad23s23-in-f5.1e100.net,AS15169,443; 80,Mountain View,CA,94043,United States,US,USA,,650,807,2016-09-15T13:21:19.286103,37.4192,-122.0574,,https://www.shodan.io/host/172.217.2.197,http; https,2016-09-12T06:40:19+00:00,Mountain View,California,United States,US,-122.0574,37.4192,United States,US,94043,America/Los_Angeles,North America,"Google Inc., US","GOOGLE - Google Inc., US",unknown,172.217.0.0/16,,[15169],15169,GOOGLE,443/https; 80/http,,https://censys.io/ipv4/172.217.2.197,https://www.threatcrowd.org/ip.php?ip=172.217.2.197,,,0,0,0,,https://otx.alienvault.com/indicator/ip/172.217.2.197,94043,US,Mountain View,http://whois.domaintools.com/172.217.2.197,807,United States,650,NA,37.4192008972,-122.057403564,AS15169 Google Inc.,USA,,,,,,,,https://isc.sans.edu/ipinfo.html?ip=172.217.2.197,166,None,2016-09-07 01:04:17,,172.217.0.0/16,1,2016-05-18,2016-09-06,172.217.2.197,None,15169,"GOOGLE - Google Inc.,",609498,US,network-abuse@google.com,,,,,
172.98.67.99,172.98.67.99,,Canada,M5E,Toronto,Ontario,43.648,-79.3816,0,0,,https://www.virustotal.com/en/ip-address/172.98.67.99/information/,noc@totalserversolutions.com,rwhois://208.78.43.3:4321,2015-06-14,TSS NOC HSI Abuse,TSS NOC NOC,Total Server Solutions L.L.C.,,us,Administered by ARIN,172.98.67.0/24,blocklist; ssh; colo_at_55,N/A,,,False,46562,COLO-AT-55-LLC - Colo at 55,False,,,,,0,1,Hosting Services,Total Server Solutions L.L.C.,,,4500; 22738; 500; 1723; 80; 38466; 52544; 22; 8888,Toronto,ON,M5E,Canada,CA,CAN,vpn,None,None,2016-09-14T00:53:00.988678,43.648,-79.3816,,https://www.shodan.io/host/172.98.67.99,ssh,2016-08-24T18:00:05+00:00,,,United States,US,-97.0,38.0,United States,US,,,North America,"Total Server Solutions L.L.C., US","TOTAL-SERVER-SOLUTIONS - Total Server Solutions L.L.C., US",unknown,172.98.67.0/24,,"[7018, 1299, 5580, 46562, 46562, 46562]",46562,TOTAL-SERVER-SOLUTIONS,443/https; 110/pop3; 22/ssh,,https://censys.io/ipv4/172.98.67.99,https://www.threatcrowd.org/ip.php?ip=172.98.67.99,0,,0,0,0,,https://otx.alienvault.com/indicator/ip/172.98.67.99,M5E,CA,Toronto,http://whois.domaintools.com/172.98.67.99,0,Canada,0,NA,43.6479988098,-79.3815994263,AS46562 Total Server Solutions L.L.C.,CAN,,,,,,,,https://isc.sans.edu/ipinfo.html?ip=172.98.67.99,270,None,2016-09-04 01:54:19,forumspam; blocklistde22,172.98.67.0/24,109,2015-10-12,2016-09-03,172.98.67.99,None,46562,"TOTAL-SERVER-SOLUTIONS - Total Server Solutions L.L.C.,",42372,US,noc@totalserversolutions.com,,,,,
173.252.90.36,173.252.90.36,edge-star-mini-shv-13-atn1.facebook.com.,United States,94025,Menlo Park,California,37.459,-122.1781,7,7,,https://www.virustotal.com/en/ip-address/173.252.90.36/information/,noc@fb.com,whois.arin.net,2007-12-02,Operations,Operations,"Facebook, Inc.",,us,ARIN,173.252.64.0/19,malware; facebook,US,-122.1781,37.459,False,32934,FACEBOOK - Facebook,False,,,,,6000,0,Facebook,Facebook,edge-star-mini-shv-13-atn1.facebook.com,AS32934,80; 443,Menlo Park,CA,94025,United States,US,USA,,650,807,2016-08-31T04:19:14.876018,37.459,-122.1781,,https://www.shodan.io/host/173.252.90.36,http; https,2016-09-16T00:47:35+00:00,Menlo Park,California,United States,US,-122.1822,37.4538,United States,US,94025,America/Los_Angeles,North America,"Facebook, Inc., US","FACEBOOK - Facebook, Inc., US",unknown,173.252.88.0/21,,[32934],32934,FACEBOOK,80/http; 443/https,,https://censys.io/ipv4/173.252.90.36,https://www.threatcrowd.org/ip.php?ip=173.252.90.36,0,,5,50,0,,https://otx.alienvault.com/indicator/ip/173.252.90.36,94025,US,Menlo Park,http://whois.domaintools.com/173.252.90.36,807,United States,650,NA,37.4538002014,-122.182197571,"AS32934 Facebook, Inc.",USA,,,,,,,,https://isc.sans.edu/ipinfo.html?ip=173.252.90.36,1284,None,2016-09-16 08:20:26,,173.252.88.0/21,771,2016-03-30,2016-09-16,173.252.90.36,None,32934,"FACEBOOK - Facebook, Inc.,",54513,US,domain@facebook.com,,,,,
173.252.90.37,173.252.90.37,edge-z-m-mini-shv-13-atn1.facebook.com.,United States,94025,Menlo Park,California,37.459,-122.1781,0,0,,https://www.virustotal.com/en/ip-address/173.252.90.37/information/,domain@facebook.com,whois.arin.net,2007-12-02,Operations,Operations,"Facebook, Inc.",,us,ARIN,173.252.64.0/19,facebook,US,-122.1781,37.459,False,32934,FACEBOOK - Facebook,False,,,,,0,0,Facebook,Facebook,edge-z-m-mini-shv-13-atn1.facebook.com,AS32934,80; 443,Menlo Park,CA,94025,United States,US,USA,,650,807,2016-09-06T17:41:27.324314,37.459,-122.1781,,https://www.shodan.io/host/173.252.90.37,http; https,2016-09-15T17:53:23+00:00,Menlo Park,California,United States,US,-122.1822,37.4538,United States,US,94025,America/Los_Angeles,North America,"Facebook, Inc., US","FACEBOOK - Facebook, Inc., US",unknown,173.252.88.0/21,,[32934],32934,FACEBOOK,80/http; 443/https,,https://censys.io/ipv4/173.252.90.37,https://www.threatcrowd.org/ip.php?ip=173.252.90.37,0,,0,5,0,,https://otx.alienvault.com/indicator/ip/173.252.90.37,94025,US,Menlo Park,http://whois.domaintools.com/173.252.90.37,807,United States,650,NA,37.4538002014,-122.182197571,"AS32934 Facebook, Inc.",USA,,,,,,,,https://isc.sans.edu/ipinfo.html?ip=173.252.90.37,9,None,2016-09-07 05:19:20,,173.252.88.0/21,9,2016-05-24,2016-09-07,173.252.90.37,None,32934,"FACEBOOK - Facebook, Inc.,",54513,US,domain@facebook.com,,,,,
177.35.121.17,177.35.121.17,b1237911.virtua.com.br.,Brazil,None,Campo Grande,Mato Grosso do Sul,-20.45,-54.6167,0,0,,https://www.virustotal.com/en/ip-address/177.35.121.17/information/,,whois.lacnic.net,2009-12-06,,,,,,LACNIC,177.35.112.0/20,netservios_de_comunicao_sa,BR,-54.6167,-20.45,False,28573,NET Servios de Comunicao S.A.,False,,,,,0,0,NET Virtua,Virtua,b1237911.virtua.com.br,AS28573,554,Campo Grande,11,None,Brazil,BR,BRA,,None,None,2016-08-27T02:34:09.626424,-20.45,-54.6167,,https://www.shodan.io/host/177.35.121.17,,2016-07-05T19:53:44+00:00,Campo Grande,Mato Grosso do Sul,Brazil,BR,-54.6167,-20.45,Brazil,BR,,America/Campo_Grande,South America,"S.A., BR","CLARO S.A., BR",unknown,177.35.112.0/20,,"[7018, 1299, 4230, 28573]",28573,CLARO,23/telnet,,https://censys.io/ipv4/177.35.121.17,https://www.threatcrowd.org/ip.php?ip=177.35.121.17,,,0,0,0,,https://otx.alienvault.com/indicator/ip/177.35.121.17,None,BR,Campo Grande,http://whois.domaintools.com/177.35.121.17,0,Brazil,0,SA,-20.4500007629,-54.6166992188,AS28573 CLARO S.A.,BRA,,,,,,,,https://isc.sans.edu/ipinfo.html?ip=177.35.121.17,46,None,2016-09-06 16:09:38,,177.35.112.0/20,39,2016-08-15,2016-09-06,177.35.121.17,None,28573,"CLARO S.A.,",6290711,BR,virtua@virtua.com.br,,,,,
182.38.8.86,182.38.8.86,,China,None,Jinan,Shandong,36.6683,116.9972,0,0,,https://www.virustotal.com/en/ip-address/182.38.8.86/information/,ipreport@sdtele.com,whois.apnic.net,2008-12-08,,,CHINANET-SD,CHINANET SHANDONG PROVINCE NETWORK,,APNIC,182.32.0.0/12,chinanet-backboneno31,CN,116.9972,36.6683,False,4134,CHINANET-BACKBONE No.31,False,,,,,0,0,,,,,,,,,,,,,,,,,,,No information available for that IP.,,,,,,,,,,,,,,,,,,,,,,,,https://censys.io/ipv4/182.38.8.86,https://www.threatcrowd.org/ip.php?ip=182.38.8.86,,,0,0,0,,https://otx.alienvault.com/indicator/ip/182.38.8.86,None,CN,Jinan,http://whois.domaintools.com/182.38.8.86,0,China,0,AS,36.6683006287,116.997200012,AS4134 Chinanet,CHN,,,,,,,,https://isc.sans.edu/ipinfo.html?ip=182.38.8.86,8,None,2016-08-26 07:43:42,,182.32.0.0/12,8,2016-08-25,2016-08-25,182.38.8.86,None,4134,"CHINANET-BACKBONE No.31,Jin-rong Street,",108902447,CN,anti-spam@ns.chinanet.cn.net,,,,,
183.129.225.130,183.129.225.130,,China,None,Tonglu,Zhejiang,29.81,119.6711,0,0,,https://www.virustotal.com/en/ip-address/183.129.225.130/information/,anti_spam@mail.hz.zj.cn,whois.apnic.net,2008-12-04,,CHINANET-ZJ Hangzhou,TONGLU-JIAOTONGYUNSHUJU,Tonglu County Transport Bureau,cn,APNIC,183.128.0.0/11,chinanet-backboneno31,CN,120.1614,30.2936,False,4134,CHINANET-BACKBONE No.31,False,,,,,0,0,Tonglu County Transport Bureau,China Telecom Zhejiang,,AS4134,554,Tonglu,02,None,China,CN,CHN,,None,None,2016-09-12T08:08:50.102002,29.81,119.6711,,https://www.shodan.io/host/183.129.225.130,http,2016-04-21T00:51:02+00:00,Tonglu,Zhejiang Sheng,China,CN,119.6711,29.81,China,CN,,Asia/Shanghai,Asia,"No.31,Jin-rong Street, CN","CHINANET-BACKBONE No.31,Jin-rong Street, CN",unknown,183.128.0.0/11,,"[7018, 4134]",4134,CHINANET-BACKBONE,80/http,,https://censys.io/ipv4/183.129.225.130,https://www.threatcrowd.org/ip.php?ip=183.129.225.130,,,0,0,0,,https://otx.alienvault.com/indicator/ip/183.129.225.130,None,CN,Tonglu,http://whois.domaintools.com/183.129.225.130,0,China,0,AS,29.8099994659,119.671096802,AS4134 Chinanet,CHN,,,,,,,,https://isc.sans.edu/ipinfo.html?ip=183.129.225.130,15,None,2016-08-29 23:12:01,,183.128.0.0/11,15,2016-08-24,2016-08-29,183.129.225.130,None,4134,"CHINANET-BACKBONE No.31,Jin-rong Street,",108902447,CN,anti-spam@ns.chinanet.cn.net,,,,,
183.60.48.25,183.60.48.25,,China,None,Guangzhou,Guangdong,23.1167,113.25,0,0,,https://www.virustotal.com/en/ip-address/183.60.48.25/information/,gdnoc_HLWI@189.cn,whois.apnic.net,2008-12-04,,,CHINANET-GD,CHINANET Guangdong province network,cn,APNIC,183.60.48.0/20,chinanet-idc-gdchina_telecom_group,CN,113.25,23.1167,False,4816,CHINANET-IDC-GD China Telecom (Group),False,,,,,0,0,,,,,,,,,,,,,,,,,,,No information available for that IP.,,,,,,,,,,,,,,,,,,,,,,,,https://censys.io/ipv4/183.60.48.25,https://www.threatcrowd.org/ip.php?ip=183.60.48.25,-1,"
https://8ack.de/analysen/swell_on_horizon-bittorrent_ddos_scans
https://8ack.de/core/bimages/swell-on-horizon/scanner-ips.txt
https://otx.alienvault.com/pulse/55e4d0ef67db8c7bb8cba822/
https://otx.alienvault.com/pulse/56bb0d654637f20e8bbf03c6/
https://otx.alienvault.com/pulse/577e5c08b999b3013b6f25f6/%7Chttp://blog.dynamoo.com/2016/04/plusserver-has-plussized-problem-with.html
https://www.packetmail.net/iprep.txt",0,1,0,,https://otx.alienvault.com/indicator/ip/183.60.48.25,None,CN,Guangzhou,http://whois.domaintools.com/183.60.48.25,0,China,0,AS,23.1166992188,113.25,AS4816 China Telecom (Group),CHN,4134,2,2013-06-30T19:15:24,Malicious Host; Scanning Host,2015-10-29T22:55:44,China Telecom Guangdong,CN (China),https://isc.sans.edu/ipinfo.html?ip=183.60.48.25,410823,None,2016-09-12 09:15:44,blocklistdeapache; blocklistde80; ciarmy; blocklistde443,183.60.48.0/20,54090,2015-10-08,2016-09-05,183.60.48.25,None,4816,"CHINANET-IDC-GD China Telecom (Group),",None,CN,anti-spam@ns.chinanet.cn.net,,,,,
183.60.48.25,183.60.48.25,,China,None,Guangzhou,Guangdong,23.1167,113.25,0,0,,https://www.virustotal.com/en/ip-address/183.60.48.25/information/,gdnoc_HLWI@189.cn,whois.apnic.net,2008-12-04,,,CHINANET-GD,CHINANET Guangdong province network,cn,APNIC,183.60.48.0/20,chinanet-idc-gdchina_telecom_group,CN,113.25,23.1167,False,4816,CHINANET-IDC-GD China Telecom (Group),False,,,,,0,0,,,,,,,,,,,,,,,,,,,No information available for that IP.,,,,,,,,,,,,,,,,,,,,,,,,https://censys.io/ipv4/183.60.48.25,https://www.threatcrowd.org/ip.php?ip=183.60.48.25,-1,"
https://8ack.de/analysen/swell_on_horizon-bittorrent_ddos_scans
https://8ack.de/core/bimages/swell-on-horizon/scanner-ips.txt
https://otx.alienvault.com/pulse/55e4d0ef67db8c7bb8cba822/
https://otx.alienvault.com/pulse/56bb0d654637f20e8bbf03c6/
https://otx.alienvault.com/pulse/577e5c08b999b3013b6f25f6/%7Chttp://blog.dynamoo.com/2016/04/plusserver-has-plussized-problem-with.html
https://www.packetmail.net/iprep.txt",0,1,0,,https://otx.alienvault.com/indicator/ip/183.60.48.25,None,CN,Guangzhou,http://whois.domaintools.com/183.60.48.25,0,China,0,AS,23.1166992188,113.25,AS4816 China Telecom (Group),CHN,4134,2,2013-06-30T19:15:24,Malicious Host; Scanning Host,2015-10-29T22:55:44,China Telecom Guangdong,CN (China),https://isc.sans.edu/ipinfo.html?ip=183.60.48.25,410823,None,2016-09-12 09:15:44,blocklistdeapache; blocklistde80; ciarmy; blocklistde443,183.60.48.0/20,54090,2015-10-08,2016-09-05,183.60.48.25,None,4816,"CHINANET-IDC-GD China Telecom (Group),",None,CN,anti-spam@ns.chinanet.cn.net,,,,,
186.213.27.174,186.213.27.174,186.213.27.174.static.host.gvt.net.br.,Brazil,None,None,None,-22.8305,-43.2192,0,0,,https://www.virustotal.com/en/ip-address/186.213.27.174/information/,,whois.lacnic.net,2006-12-09,,,,,,LACNIC,186.213.0.0/19,globalglobal_village_telecom,BR,-41.4167,-3.3167,False,18881,Global Village Telecom,False,,,,,0,0,Global Village Telecom,Global Village Telecom,186.213.27.174.static.host.gvt.net.br,AS18881,554; 7547,Fortaleza,06,None,Brazil,BR,BRA,,None,None,2016-08-26T08:18:43.838271,-3.3167,-41.4167,,https://www.shodan.io/host/186.213.27.174,http,2016-09-11T19:24:25+00:00,Cocal,Piaui,Brazil,BR,-41.4167,-3.3167,Brazil,BR,,America/Fortaleza,South America,,"Global Village Telecom, BR",unknown,186.213.0.0/19,,"[11164, 3549, 18881]",18881,"Global Village Telecom, BR",80/http,,https://censys.io/ipv4/186.213.27.174,https://www.threatcrowd.org/ip.php?ip=186.213.27.174,,,0,0,0,,https://otx.alienvault.com/indicator/ip/186.213.27.174,None,BR,Fortaleza,http://whois.domaintools.com/186.213.27.174,0,Brazil,0,SA,-3.31669998169,-41.4166984558,AS18881 TELEFÃ”NICA BRASIL S.A,BRA,,,,,,,,https://isc.sans.edu/ipinfo.html?ip=186.213.27.174,10,None,2016-08-26 06:09:13,,186.213.0.0/19,9,2016-08-24,2016-08-26,186.213.27.174,None,18881,"Global Village Telecom,",3549046,BR,registro@gvt.com.br,,,,,
190.231.126.177,190.231.126.177,host177.190-231-126.telecom.net.ar.,Argentina,1657,Buenos Aires,Buenos Aires F.D.,-34.5417,-58.5583,0,0,,https://www.virustotal.com/en/ip-address/190.231.126.177/information/,abuse@TA.TELECOM.COM.AR,whois.lacnic.net,1994-12-06,,,,,,LACNIC,190.231.120.0/21,telecomtelecom_argentina_sa,AR,-58.5244,-34.5707,False,7303,Telecom Argentina S.A.,False,,,,,0,0,,,,,,,,,,,,,,,,,,,No information available for that IP.,,,,,,,,,,,,,,,,,,,,,,,,https://censys.io/ipv4/190.231.126.177,https://www.threatcrowd.org/ip.php?ip=190.231.126.177,,,0,0,0,,https://otx.alienvault.com/indicator/ip/190.231.126.177,1657,AR,Buenos Aires,http://whois.domaintools.com/190.231.126.177,0,Argentina,0,SA,-34.5416984558,-58.5583000183,AS7303 Telecom Argentina S.A.,ARG,,,,,,,,https://isc.sans.edu/ipinfo.html?ip=190.231.126.177,None,None,None,,190.231.120.0/21,None,None,None,190.231.126.177,None,7303,"Telecom Argentina S.A.,",2695949,AR,ipadmin@TA.TELECOM.COM.AR,,,,,
195.211.148.78,195.211.148.78,public-78.WATSON.ZP.UA.,Ukraine,None,Zaporizhia,Zaporizhia,47.85,35.2833,0,0,,https://www.virustotal.com/en/ip-address/195.211.148.78/information/,admin@cn.zp.ua,whois.ripe.net,1992-12-05,CN Coordination Center,CN Coordination Center,Watson-NET,,ua,RIPE NCC,195.211.148.0/24,watsonakhtanina_natalia_sergeevna,UA,32.0,49.0,False,43819,WATSON PE Akhtanina Natalia Sergeevna,False,,,,,0,0,PE Akhtanina Natalia Sergeevna,PE Akhtanina Natalia Sergeevna,public-78.WATSON.ZP.UA,AS43819,2000; 179; 23; 80,Zaporozhye,26,None,Ukraine,UA,UKR,,None,None,2016-09-14T14:19:50.290380,47.85,35.2833,,https://www.shodan.io/host/195.211.148.78,,,,,,,,,,,,,,,,,,,,,,,,https://censys.io/ipv4/195.211.148.78,https://www.threatcrowd.org/ip.php?ip=195.211.148.78,0,https://otx.alienvault.com/pulse/57965bb8146a8a0134b2a9d1/%7Chttps://www.autoshun.org/about/,0,0,0,,https://otx.alienvault.com/indicator/ip/195.211.148.78,None,UA,Zaporozhye,http://whois.domaintools.com/195.211.148.78,0,Ukraine,0,EU,47.8499984741,35.2832984924,AS43819 WATSON,UKR,43819,2,2015-02-23T08:14:10,Scanning Host,2015-02-23T08:14:10,PE Akhtanina Natalia Sergeevna,UA (Ukraine),https://isc.sans.edu/ipinfo.html?ip=195.211.148.78,308,None,2016-09-15 01:14:48,blocklistdeapache; blocklistde80; blocklistde443,195.211.148.0/24,161,2016-07-01,2016-09-13,195.211.148.78,None,43819,"WATSON ,",1530,UA,admin@cn.zp.ua,,,,,
195.211.148.78,195.211.148.78,public-78.WATSON.ZP.UA.,Ukraine,None,Zaporizhia,Zaporizhia,47.85,35.2833,0,0,,https://www.virustotal.com/en/ip-address/195.211.148.78/information/,admin@cn.zp.ua,whois.ripe.net,1992-12-05,CN Coordination Center,CN Coordination Center,Watson-NET,,ua,RIPE NCC,195.211.148.0/24,watsonakhtanina_natalia_sergeevna,UA,32.0,49.0,False,43819,WATSON PE Akhtanina Natalia Sergeevna,False,,,,,0,0,PE Akhtanina Natalia Sergeevna,PE Akhtanina Natalia Sergeevna,public-78.WATSON.ZP.UA,AS43819,2000; 179; 23; 80,Zaporozhye,26,None,Ukraine,UA,UKR,,None,None,2016-09-14T14:19:50.290380,47.85,35.2833,,https://www.shodan.io/host/195.211.148.78,,,,,,,,,,,,,,,,,,,,,,,,https://censys.io/ipv4/195.211.148.78,https://www.threatcrowd.org/ip.php?ip=195.211.148.78,0,https://otx.alienvault.com/pulse/57965bb8146a8a0134b2a9d1/%7Chttps://www.autoshun.org/about/,0,0,0,,https://otx.alienvault.com/indicator/ip/195.211.148.78,None,UA,Zaporozhye,http://whois.domaintools.com/195.211.148.78,0,Ukraine,0,EU,47.8499984741,35.2832984924,AS43819 WATSON,UKR,43819,2,2015-02-23T08:14:10,Scanning Host,2015-02-23T08:14:10,PE Akhtanina Natalia Sergeevna,UA (Ukraine),https://isc.sans.edu/ipinfo.html?ip=195.211.148.78,308,None,2016-09-15 01:14:48,blocklistdeapache; blocklistde80; blocklistde443,195.211.148.0/24,161,2016-07-01,2016-09-13,195.211.148.78,None,43819,"WATSON ,",1530,UA,admin@cn.zp.ua,,,,,
198.20.69.74,198.20.69.74,census1.shodan.io.,United States,60661,Chicago,Illinois,41.8825,-87.6441,5,0,,https://www.virustotal.com/en/ip-address/198.20.69.74/information/,abuse@singlehop.com,rwhois://rwhois.singlehop.net:4321,2012-08-23,Abuse Department,Network Operations,"SingleHop, Inc.",,us,Administered by ARIN,198.20.64.0/18,singlehop,US,-87.6441,41.8825,False,32475,SINGLEHOP-INC - SingleHop,False,,,,,0,0,SingleHop,SingleHop,census1.xxx.xxx.xxx.xxx,AS32475,44813; 51403; 4500; 42662; 46007; 500; 40676; 53981; 53730; 49304; 22; 49967; 56439; 39469; 55515; 55513; 46958; 38751; 59074; 38981,Chicago,IL,60661,United States,US,USA,vpn,312,602,2016-09-15T07:47:21.413526,41.8825,-87.6441,,https://www.shodan.io/host/198.20.69.74,ssh,2016-08-25T13:40:08+00:00,Chicago,Illinois,United States,US,-87.6441,41.8825,United States,US,60661,America/Chicago,North America,"SingleHop, Inc., US","SINGLEHOP-LLC - SingleHop, Inc., US",unknown,198.20.64.0/18,,"[7018, 6461, 32475]",32475,SINGLEHOP-LLC,22/ssh,,https://censys.io/ipv4/198.20.69.74,https://www.threatcrowd.org/ip.php?ip=198.20.69.74,0,"
http://openbl.org/lists/base_all_ftp-only
https://otx.alienvault.com/pulse/561ef6fa4637f21ecf2a9624/
https://otx.alienvault.com/pulse/5736528c1116a00120ccb652/%7Chttps://www.openbl.org/",0,2,0,,https://otx.alienvault.com/indicator/ip/198.20.69.74,60661,US,Chicago,http://whois.domaintools.com/198.20.69.74,602,United States,312,NA,41.8824996948,-87.6440963745,"AS32475 SingleHop, Inc.",USA,32475,3,2016-09-06T07:08:25,Malicious Host,2016-09-12T20:12:06,SingleHop,US (United States),https://isc.sans.edu/ipinfo.html?ip=198.20.69.74,76697,scanner for ShodanHQ,2016-09-17 16:08:09,shodan; openbl_ftp; ciarmy; webiron,198.20.64.0/18,9746,2015-10-08,2016-09-17,198.20.69.74,10,32475,"SINGLEHOP-LLC - SingleHop, Inc.,",266718,US,abuse@singlehop.com,,,,,
200.193.38.48,200.193.38.48,200-193-38-48.troce201.dial.brasiltelecom.net.br.,Brazil,None,None,None,-22.8305,-43.2192,0,0,,https://www.virustotal.com/en/ip-address/200.193.38.48/information/,,whois.lacnic.net,2001-11-01,,,,,,LACNIC,200.193.0.0/17,filial_distrito_federal,BR,-55.0,-10.0,False,8167,Brasil Telecom S/A - Filial Distrito Federal,False,,,,,0,0,,,,,,,,,,,,,,,,,,,No information available for that IP.,,2016-09-15T00:24:41+00:00,,,Brazil,BR,-43.2192,-22.8305,Brazil,BR,,,South America,,"Brasil Telecom S/A - Filial Distrito Federal, BR",unknown,200.193.0.0/17,,"[7018, 1299, 7738, 8167]",8167,"Brasil Telecom S/A - Filial Distrito Federal, BR",7547/cwmp,,https://censys.io/ipv4/200.193.38.48,https://www.threatcrowd.org/ip.php?ip=200.193.38.48,,,0,0,0,,https://otx.alienvault.com/indicator/ip/200.193.38.48,None,BR,None,http://whois.domaintools.com/200.193.38.48,0,Brazil,0,SA,-22.830499649,-43.2192001343,AS8167 Brasil Telecom S/A - Filial Distrito Federal,BRA,,,,,,,,https://isc.sans.edu/ipinfo.html?ip=200.193.38.48,1,None,2016-08-26 17:06:04,,200.193.0.0/16,1,2016-08-26,2016-08-26,200.193.38.48,None,8167,"Brasil Telecom S/A - Filial Distrito Federal,",3792157,BR,ld-numeracaoip@oi.net.br,,,,,
209.126.117.68,209.126.117.68,usloft4268.dedicatedpanel.com.,United States,63101,St Louis,Missouri,38.6312,-90.1922,1,0,,https://www.virustotal.com/en/ip-address/209.126.117.68/information/,sascha.wintz@heg.com,whois.arin.net,1995-12-06,server4you Abuse Department,"Wintz, Sascha",server4you Inc.,,us,ARIN,209.126.96.0/19,hosting_solutions_international,US,-90.5016,38.71,False,30083,SERVER4YOU - Hosting Solutions International,False,,,,,0,0,Hosting Solutions International,Hosting Solutions International,usloft4268.dedicatedpanel.com,AS6428,22; 80; 443; 465,Saint Louis,MO,63101,United States,US,USA,,314,609,2016-09-13T15:19:48.735184,38.6312,-90.1922,,https://www.shodan.io/host/209.126.117.68,smtp; ssh,2016-09-11T01:30:35+00:00,St Louis,Missouri,United States,US,-90.1922,38.6312,United States,US,63101,America/Chicago,North America,"server4you Inc., US","SERVER4YOU - server4you Inc., US",unknown,209.126.96.0/19,,"[7018, 1299, 30083]",30083,SERVER4YOU,22/ssh; 465/smtps; 25/smtp,,https://censys.io/ipv4/209.126.117.68,https://www.threatcrowd.org/ip.php?ip=209.126.117.68,,,0,0,0,,https://otx.alienvault.com/indicator/ip/209.126.117.68,63101,US,Saint Louis,http://whois.domaintools.com/209.126.117.68,609,United States,314,NA,38.6311988831,-90.192199707,AS30083 server4you Inc.,USA,30083,2,2016-09-02T18:40:26,Malicious Host,2016-09-08T19:37:29,Hosting Solutions International,US (United States),https://isc.sans.edu/ipinfo.html?ip=209.126.117.68,16566,None,2016-09-17 13:24:25,blocklistdeapache; blocklistde80; ciarmy; blocklistde443,209.126.96.0/19,913,2016-07-18,2016-09-16,209.126.117.68,None,30083,"SERVER4YOU - server4you Inc.,",31737,US,abuse@server4you.com,,,,,
209.85.201.95,209.85.201.95,qu-in-f95.1e100.net.,United States,None,None,None,37.751,-97.822,0,0,,https://www.virustotal.com/en/ip-address/209.85.201.95/information/,arin-contact@google.com,whois.arin.net,1995-12-06,Abuse,Google Inc,Google Inc.,,us,ARIN,209.85.201.0/24,google,US,-122.0574,37.4192,False,15169,GOOGLE - Google Inc.,False,,,,,0,0,Google,Google,qu-in-f95.1e100.net,AS15169,443; 80,Mountain View,CA,94043,United States,US,USA,,650,807,2016-08-30T05:00:31.932863,37.4192,-122.0574,,https://www.shodan.io/host/209.85.201.95,http; https,2016-09-16T06:55:48+00:00,Mountain View,California,United States,US,-122.0574,37.4192,United States,US,94043,America/Los_Angeles,North America,"Google Inc., US","GOOGLE - Google Inc., US",unknown,209.85.201.0/24,,[15169],15169,GOOGLE,80/http; 443/https,,https://censys.io/ipv4/209.85.201.95,https://www.threatcrowd.org/ip.php?ip=209.85.201.95,,,0,0,0,,https://otx.alienvault.com/indicator/ip/209.85.201.95,None,US,None,http://whois.domaintools.com/209.85.201.95,0,United States,0,NA,37.7509994507,-97.8219985962,AS15169 Google Inc.,USA,,,,,,,,https://isc.sans.edu/ipinfo.html?ip=209.85.201.95,141,None,2016-09-17 07:08:12,,209.85.201.0/24,15,2016-03-14,2016-09-16,209.85.201.95,None,15169,"GOOGLE - Google Inc.,",609498,US,network-abuse@google.com,,,,,
213.14.131.181,213.14.131.181,host-213-14-131-181.reverse.superonline.net.,Turkey,None,Istanbul,Istanbul,41.0186,28.9647,0,0,,https://www.virustotal.com/en/ip-address/213.14.131.181/information/,abuse@superonline.net,whois.ripe.net,1992-10-31,,,SOLNET-3,SOLNET,tr,RIPE NCC,213.14.128.0/19,tellcom,TR,30.6991,36.9031,False,34984,TELLCOM-AS TELLCOM ILETISIM HIZMETLERI A.S.,False,,,,,0,0,SolNet,Superonline Iletisim Hizmetleri A.S.,host-213-14-131-181.reverse.superonline.net,,5000; 80; 443; 37777,None,None,None,Turkey,TR,TUR,,None,None,2016-09-14T13:01:43.465289,41.0136,28.955,,https://www.shodan.io/host/213.14.131.181,http,2016-09-15T10:56:35+00:00,,,Turkey,TR,28.955,41.0136,Turkey,TR,,Europe/Istanbul,Asia,", TR","TELLCOM-AS , TR",unknown,213.14.128.0/19,,"[7018, 6453, 34984]",34984,TELLCOM-AS,80/http; 443/https,,https://censys.io/ipv4/213.14.131.181,https://www.threatcrowd.org/ip.php?ip=213.14.131.181,,,0,0,0,,https://otx.alienvault.com/indicator/ip/213.14.131.181,None,TR,Istanbul,http://whois.domaintools.com/213.14.131.181,0,Turkey,0,EU,41.0186004639,28.9647006989,AS34984 TELLCOM-AS,TUR,,,,,,,,https://isc.sans.edu/ipinfo.html?ip=213.14.131.181,93,None,2016-09-02 00:39:28,,213.14.128.0/19,81,2016-05-29,2016-09-01,213.14.131.181,None,34984,"TELLCOM-AS ,",877038,TR,abuse@superonline.net,,,,,
216.58.218.226,216.58.218.226,iad23s40-in-f2.1e100.net.; iad23s40-in-f226.1e100.net.,United States,94043,Mountain View,California,37.4192,-122.0574,0,0,,https://www.virustotal.com/en/ip-address/216.58.218.226/information/,arin-contact@google.com,whois.arin.net,1997-12-04,Abuse,Google Inc,Google Inc.,,us,ARIN,216.58.218.0/24,google,US,-122.0574,37.4192,False,15169,GOOGLE - Google Inc.,False,,,,,0,0,Google,Google,iad23s40-in-f2.1e100.net,AS15169,443; 80,Mountain View,CA,94043,United States,US,USA,,650,807,2016-09-06T22:24:04.606873,37.4192,-122.0574,,https://www.shodan.io/host/216.58.218.226,http; https,2016-09-15T21:11:07+00:00,Mountain View,California,United States,US,-122.0574,37.4192,United States,US,94043,America/Los_Angeles,North America,"Google Inc., US","GOOGLE - Google Inc., US",unknown,216.58.218.0/24,,[15169],15169,GOOGLE,80/http; 443/https,,https://censys.io/ipv4/216.58.218.226,https://www.threatcrowd.org/ip.php?ip=216.58.218.226,,,0,0,0,,https://otx.alienvault.com/indicator/ip/216.58.218.226,94043,US,Mountain View,http://whois.domaintools.com/216.58.218.226,807,United States,650,NA,37.4192008972,-122.057403564,AS15169 Google Inc.,USA,,,,,,,,https://isc.sans.edu/ipinfo.html?ip=216.58.218.226,69,None,2016-09-01 01:09:29,,216.58.218.0/24,9,2016-03-30,2016-08-31,216.58.218.226,None,15169,"GOOGLE - Google Inc.,",609498,US,network-abuse@google.com,,,,,
23.21.206.174,23.21.206.174,ec2-23-21-206-174.compute-1.amazonaws.com.,United States,20149,Ashburn,Virginia,39.0437,-77.4875,0,0,,https://www.virustotal.com/en/ip-address/23.21.206.174/information/,abuse@amazonaws.com,whois.arin.net,2009-11-01,Amazon EC2 Abuse,Amazon EC2 Network Operations,"Amazon.com, Inc.",,us,ARIN,23.20.0.0/15,amazoncom,US,-77.4875,39.0437,False,14618,AMAZON-AES - Amazon.com,False,,,,,0,0,Amazon.com,Amazon.com,ec2-23-21-206-174.compute-1.amazonaws.com,AS14618,80; 443,Ashburn,VA,20147,United States,US,USA,,703,511,2016-09-14T02:20:41.190622,39.0335,-77.4838,,https://www.shodan.io/host/23.21.206.174,http; https,2016-09-16T05:52:25+00:00,Ashburn,Virginia,United States,US,-77.4875,39.0437,United States,US,20147,America/New_York,North America,"Amazon.com, Inc., US","AMAZON-AES - Amazon.com, Inc., US",unknown,23.20.0.0/15,,"[16509, 14618]",14618,AMAZON-AES,80/http; 443/https,,https://censys.io/ipv4/23.21.206.174,https://www.threatcrowd.org/ip.php?ip=23.21.206.174,,,0,0,0,,https://otx.alienvault.com/indicator/ip/23.21.206.174,20149,US,Ashburn,http://whois.domaintools.com/23.21.206.174,511,United States,703,NA,39.0437011719,-77.4875030518,"AS14618 Amazon.com, Inc.",USA,,,,,,,,https://isc.sans.edu/ipinfo.html?ip=23.21.206.174,138,None,2016-09-08 04:40:52,,23.20.0.0/15,16,2015-10-10,2016-09-07,23.21.206.174,None,14618,"AMAZON-AES - Amazon.com, Inc.,",2750421,US,abuse@amazonaws.com,,,,,
31.13.69.203,31.13.69.203,xx-fbcdn-shv-01-iad3.fbcdn.net.,Ireland,None,None,None,53.3478,-6.2597,23,17,,https://www.virustotal.com/en/ip-address/31.13.69.203/information/,domain@fb.com,whois.ripe.net,2009-12-05,RIPE DBM,RIPE DBM,IAD1,Facebook,us,RIPE NCC,31.13.69.0/24,malware; facebook,IE,-8.0,53.0,False,32934,FACEBOOK - Facebook,False,,,,,5063,0,Facebook,Facebook Ireland Ltd,xx-fbcdn-shv-01-iad3.fbcdn.net,AS32934,443; 80,None,None,None,Ireland,IE,IRL,,None,None,2016-09-14T05:14:57.090770,53.3478,-6.2597,,https://www.shodan.io/host/31.13.69.203,http; https,2016-09-15T08:08:19+00:00,,,Ireland,IE,-6.2597,53.3478,Ireland,IE,,Europe/Dublin,Europe,"Facebook, Inc., US","FACEBOOK - Facebook, Inc., US",unknown,31.13.69.0/24,,"[7018, 32934]",32934,FACEBOOK,80/http; 443/https,,https://censys.io/ipv4/31.13.69.203,https://www.threatcrowd.org/ip.php?ip=31.13.69.203,1,,8,50,0,,https://otx.alienvault.com/indicator/ip/31.13.69.203,None,IE,None,http://whois.domaintools.com/31.13.69.203,0,Ireland,0,EU,53.3478012085,-6.25969982147,"AS32934 Facebook, Inc.",IRL,,,,,,,,https://isc.sans.edu/ipinfo.html?ip=31.13.69.203,7074,None,2016-09-17 02:08:20,,31.13.69.0/24,311,2015-10-08,2016-09-16,31.13.69.203,None,32934,"FACEBOOK - Facebook, Inc.,",54513,US,domain@facebook.com,,,,,
39.116.164.135,39.116.164.135,,Republic of Korea,None,Daegu,Daegu,35.8703,128.5911,0,0,,https://www.virustotal.com/en/ip-address/39.116.164.135/information/,ip-adm@skbroadband.com,whois.apnic.net,2010-12-01,,,broadNnet,SK Broadband Co Ltd,kr,APNIC,39.116.0.0/14,hanaro-ashanaro_telecom,KR,126.9783,37.5985,False,9318,HANARO-AS Hanaro Telecom Inc.,False,,,,,0,0,SK Broadband,SK Broadband,,AS9318,5000,None,None,None,"Korea, Republic of",KR,KOR,,None,None,2016-09-14T13:50:32.458377,37.57,126.98,,https://www.shodan.io/host/39.116.164.135,https,2016-09-15T04:44:14+00:00,,,Republic of Korea,KR,126.98,37.57,Republic of Korea,KR,,Asia/Seoul,Asia,"Hanaro Telecom Inc., KR","HANARO-AS Hanaro Telecom Inc., KR",unknown,39.116.0.0/14,,"[7018, 701, 9318]",9318,HANARO-AS,443/https,,https://censys.io/ipv4/39.116.164.135,https://www.threatcrowd.org/ip.php?ip=39.116.164.135,,,0,0,0,,https://otx.alienvault.com/indicator/ip/39.116.164.135,None,KR,Daegu,http://whois.domaintools.com/39.116.164.135,0,"Korea, Republic of",0,AS,35.870300293,128.591094971,AS9318 Hanaro Telecom Inc.,KOR,,,,,,,,https://isc.sans.edu/ipinfo.html?ip=39.116.164.135,27,None,2016-08-29 17:09:20,,39.116.0.0/14,25,2016-08-24,2016-08-29,39.116.164.135,None,9318,"HANARO-AS Hanaro Telecom Inc.,",13862776,KR,hostmaster@nic.or.kr,,,,,
42.248.110.160,42.248.110.160,,China,None,Shenyang,Liaoning,41.7922,123.4328,0,0,,https://www.virustotal.com/en/ip-address/42.248.110.160/information/,lnabuse@lntele.com,whois.apnic.net,2009-10-31,,,CHINANET-LN,CHINANET Liaoning province network,cn,APNIC,42.248.0.0/15,chinanet-backboneno31,CN,123.4328,41.7922,False,4134,CHINANET-BACKBONE No.31,False,,,,,0,0,,,,,,,,,,,,,,,,,,,No information available for that IP.,,,,,,,,,,,,,,,,,,,,,,,,https://censys.io/ipv4/42.248.110.160,https://www.threatcrowd.org/ip.php?ip=42.248.110.160,,,0,0,0,,https://otx.alienvault.com/indicator/ip/42.248.110.160,None,CN,Shenyang,http://whois.domaintools.com/42.248.110.160,0,China,0,AS,41.7921981812,123.432800293,AS4134 Chinanet,CHN,,,,,,,,https://isc.sans.edu/ipinfo.html?ip=42.248.110.160,11,None,2016-08-30 11:12:49,,42.248.0.0/15,11,2016-08-24,2016-08-30,42.248.110.160,None,4134,"CHINANET-BACKBONE No.31,Jin-rong Street,",108902447,CN,anti-spam@ns.chinanet.cn.net,,,,,
52.52.17.25,52.52.17.25,ec2-52-52-17-25.us-west-1.compute.amazonaws.com.,United States,95141,San Jose,California,37.3394,-121.895,0,0,,https://www.virustotal.com/en/ip-address/52.52.17.25/information/,abuse@amazonaws.com,whois.arin.net,1990-11-02,Amazon EC2 Abuse,Amazon EC2 Network Operations,Amazon Technologies Inc.,,us,Administered by ARIN,52.52.0.0/15,amazoncom,US,-75.597,39.5645,False,16509,AMAZON-02 - Amazon.com,False,,,,,0,0,,,,,,,,,,,,,,,,,,,No information available for that IP.,https,2016-09-15T05:04:47+00:00,Wilmington,Delaware,United States,US,-75.597,39.5645,United States,US,19893,America/New_York,North America,"Amazon.com, Inc., US","AMAZON-02 - Amazon.com, Inc., US",unknown,52.52.0.0/15,,"[7018, 16509]",16509,AMAZON-02,443/https,,https://censys.io/ipv4/52.52.17.25,https://www.threatcrowd.org/ip.php?ip=52.52.17.25,,,0,0,0,,https://otx.alienvault.com/indicator/ip/52.52.17.25,95141,US,San Jose,http://whois.domaintools.com/52.52.17.25,807,United States,408,NA,37.3394012451,-121.894996643,"AS16509 Amazon.com, Inc.",USA,,,,,,,,https://isc.sans.edu/ipinfo.html?ip=52.52.17.25,14,None,2016-09-07 01:48:18,,52.52.0.0/15,9,2016-08-13,2016-09-06,52.52.17.25,None,16509,"AMAZON-02 - Amazon.com, Inc.,",3923438,US,abuse@amazonaws.com,,,,,
52.72.198.82,52.72.198.82,ec2-52-72-198-82.compute-1.amazonaws.com.,United States,20149,Ashburn,Virginia,39.0437,-77.4875,0,0,,https://www.virustotal.com/en/ip-address/52.72.198.82/information/,abuse@amazonaws.com,whois.arin.net,1990-11-02,Amazon EC2 Abuse,Amazon EC2 Network Operations,Amazon Technologies Inc.,,us,Administered by ARIN,52.72.0.0/15,amazoncom,US,-75.597,39.5645,False,14618,AMAZON-AES - Amazon.com,False,,,,,0,0,,,,,,,,,,,,,,,,,,,No information available for that IP.,https,2016-09-06T05:42:35+00:00,Seattle,Washington,United States,US,-122.3422,47.6344,United States,US,98109,America/Los_Angeles,North America,"Amazon.com, Inc., US","AMAZON-AES - Amazon.com, Inc., US",unknown,52.72.0.0/15,,"[16509, 14618]",14618,AMAZON-AES,443/https,,https://censys.io/ipv4/52.72.198.82,https://www.threatcrowd.org/ip.php?ip=52.72.198.82,0,,0,37,0,,https://otx.alienvault.com/indicator/ip/52.72.198.82,20149,US,Ashburn,http://whois.domaintools.com/52.72.198.82,511,United States,703,NA,39.0437011719,-77.4875030518,"AS14618 Amazon.com, Inc.",USA,,,,,,,,https://isc.sans.edu/ipinfo.html?ip=52.72.198.82,3,None,2016-09-04 17:56:25,,52.72.0.0/15,3,2016-06-23,2016-09-04,52.72.198.82,None,14618,"AMAZON-AES - Amazon.com, Inc.,",2750421,US,abuse@amazonaws.com,,,,,
54.230.143.200,54.230.143.200,server-54-230-143-200.sfo5.r.cloudfront.net.,United States,98144,Seattle,Washington,47.5839,-122.2995,0,0,,https://www.virustotal.com/en/ip-address/54.230.143.200/information/,abuse@amazonaws.com abuse@amazonaws.com,whois.arin.net,1991-12-03,Amazon EC2 Abuse Amazon EC2 Abuse,Amazon EC2 Network Operations Amazon EC2 Network Operations,Amazon Technologies Inc.,,us,Administered by ARIN,54.230.140.0/22,amazoncom,US,-122.3422,47.6344,False,16509,AMAZON-02 - Amazon.com,False,,,,,0,0,,,,,,,,,,,,,,,,,,,No information available for that IP.,http; https,2016-09-14T18:53:50+00:00,Seattle,Washington,United States,US,-122.2995,47.5839,United States,US,98144,America/Los_Angeles,North America,"Amazon.com, Inc., US","AMAZON-02 - Amazon.com, Inc., US",unknown,54.230.140.0/22,,"[11164, 16509]",16509,AMAZON-02,443/https; 80/http,,https://censys.io/ipv4/54.230.143.200,https://www.threatcrowd.org/ip.php?ip=54.230.143.200,,,0,0,0,,https://otx.alienvault.com/indicator/ip/54.230.143.200,98108,US,Seattle,http://whois.domaintools.com/54.230.143.200,819,United States,206,NA,47.5419998169,-122.312301636,"AS16509 Amazon.com, Inc.",USA,,,,,,,,https://isc.sans.edu/ipinfo.html?ip=54.230.143.200,None,None,None,,54.230.140.0/22,None,None,None,54.230.143.200,None,16509,"AMAZON-02 - Amazon.com, Inc.,",3923438,US,abuse@amazonaws.com,,,,,
54.239.26.180,54.239.26.180,,United States,20149,Ashburn,Virginia,39.0437,-77.4875,0,0,,https://www.virustotal.com/en/ip-address/54.239.26.180/information/,abuse@amazonaws.com abuse@amazonaws.com,whois.arin.net,1991-12-03,Amazon EC2 Abuse Amazon EC2 Abuse,Amazon EC2 Network Operations Amazon EC2 Network Operations,Amazon Technologies Inc.,,us,Administered by ARIN,54.239.16.0/20,amazoncom,US,-122.3422,47.6344,False,16509,AMAZON-02 - Amazon.com,False,,,,,0,0,,,,,,,,,,,,,,,,,,,No information available for that IP.,https,2016-09-07T10:32:09+00:00,Ashburn,Virginia,United States,US,-77.4875,39.0437,United States,US,20147,America/New_York,North America,"Amazon.com, Inc., US","AMAZON-02 - Amazon.com, Inc., US",unknown,54.239.16.0/20,,[16509],16509,AMAZON-02,443/https,,https://censys.io/ipv4/54.239.26.180,https://www.threatcrowd.org/ip.php?ip=54.239.26.180,0,,0,1,0,,https://otx.alienvault.com/indicator/ip/54.239.26.180,20149,US,Ashburn,http://whois.domaintools.com/54.239.26.180,511,United States,703,NA,39.0437011719,-77.4875030518,"AS16509 Amazon.com, Inc.",USA,,,,,,,,https://isc.sans.edu/ipinfo.html?ip=54.239.26.180,408,None,2016-09-15 14:41:17,,54.239.16.0/20,49,2015-11-04,2016-09-15,54.239.26.180,None,16509,"AMAZON-02 - Amazon.com, Inc.,",3923438,US,abuse@amazonaws.com,,,,,
62.141.39.155,62.141.39.155,vps39155.vs.webtropia.com.,Germany,None,None,None,51.2993,9.491,0,0,,https://www.virustotal.com/en/ip-address/62.141.39.155/information/,abuse@myLoc.de,whois.ripe.net,1996-12-04,myLoc NOC,myLoc NOC,FASTIT-DE-DUS1-COLO1,fast IT Colocation,de,RIPE NCC,62.141.32.0/20,myloc-as_myloc_managed_it_ag,DE,9.0,51.0,False,24961,MYLOC-AS myLoc managed IT AG,False,,,,,0,0,fast IT Colocation,myLoc managed IT AG,vps39155.vs.webtropia.com,AS24961,22; 443; 53; 993; 995; 80,None,None,None,Germany,DE,DEU,,None,None,2016-09-17T17:55:29.643913,51.0,9.0,,https://www.shodan.io/host/62.141.39.155,pop3; ftp; http; ssh; https; pop3s; imap; imaps,2016-09-15T05:17:59+00:00,,,Germany,DE,9.0,51.0,Germany,DE,,,Europe,", DE","MYLOC-AS , DE",unknown,62.141.32.0/20,,"[7018, 174, 24961]",24961,MYLOC-AS,80/http; 993/imaps; 995/pop3s; 110/pop3; 21/ftp; 143/imap; 53/dns; 443/https; 22/ssh,,https://censys.io/ipv4/62.141.39.155,https://www.threatcrowd.org/ip.php?ip=62.141.39.155,,,0,0,0,,https://otx.alienvault.com/indicator/ip/62.141.39.155,None,DE,None,http://whois.domaintools.com/62.141.39.155,0,Germany,0,EU,51.2993011475,9.49100017548,AS24961 MYLOC-AS,DEU,,,,,,,,https://isc.sans.edu/ipinfo.html?ip=62.141.39.155,137,None,2016-08-26 12:08:06,,62.141.32.0/20,124,2016-07-22,2016-08-26,62.141.39.155,None,24961,"MYLOC-AS ,",61158,DE,abuse@myLoc.de,,,,,
71.6.135.131,71.6.135.131,census7.shodan.io.,United States,92123,San Diego,California,32.8073,-117.1324,0,0,,https://www.virustotal.com/en/ip-address/71.6.135.131/information/,network@cari.net network@cari.net,whois.arin.net,2003-12-08,CariNet Abuse CariNet Abuse,CariNet Networking CariNet Networking,"CariNet, Inc.",,us,ARIN,71.6.128.0/17,ever_compromised; carinet,US,-117.1324,32.8073,False,10439,CARINET - CariNet,True,,,,,0,0,CariNet,CariNet,census7.xxx.xxx.xxx.xxx,AS10439,500; 111; 4500; 51056; 42490; 22; 54897; 38502; 53977; 55741; 57237,San Diego,CA,92123,United States,US,USA,vpn,858,825,2016-09-17T04:27:59.567241,32.8073,-117.1324,,https://www.shodan.io/host/71.6.135.131,ssh,2016-08-24T12:21:14+00:00,San Diego,California,United States,US,-117.1324,32.8073,United States,US,92123,America/Los_Angeles,North America,"CariNet, Inc., US","CARINET - CariNet, Inc., US",unknown,71.6.128.0/17,,"[7018, 174, 10439]",10439,CARINET,22/ssh,,https://censys.io/ipv4/71.6.135.131,https://www.threatcrowd.org/ip.php?ip=71.6.135.131,0,"
http://openbl.org/lists/base_all_ftp-only
https://8ack.de/analysen/swell_on_horizon-bittorrent_ddos_scans
https://8ack.de/core/bimages/swell-on-horizon/scanner-ips.txt
https://otx.alienvault.com/pulse/55e4d0ef67db8c7bb8cba822/
https://otx.alienvault.com/pulse/561ef6fa4637f21ecf2a9624/
https://otx.alienvault.com/pulse/562113594637f21ecf2aac01/
https://otx.alienvault.com/pulse/5736528c1116a00120ccb652/%7Chttps://www.openbl.org/
https://otx.alienvault.com/pulse/57ab8a1f20189d0137f72d71/%7Chttps://www.autoshun.org/
https://www.openbl.org/",0,1,0,,https://otx.alienvault.com/indicator/ip/71.6.135.131,92123,US,San Diego,http://whois.domaintools.com/71.6.135.131,825,United States,858,NA,32.8073005676,-117.132400513,"AS10439 CariNet, Inc.",USA,10439,3,2016-09-02T18:39:22,Malicious Host,2016-09-08T19:35:31,CariNet,US (United States),https://isc.sans.edu/ipinfo.html?ip=71.6.135.131,134085,ShodanIO Scanner performing internet wide scans,2016-09-17 16:11:43,shodan; openbl_ftp; ciarmy; webiron,71.6.128.0/17,13386,2015-10-08,2016-09-17,71.6.135.131,10,10439,"CARINET - CariNet, Inc.,",106491,US,complaints@cari.net,,,,,
72.30.2.74,72.30.2.74,ats1.apple-finance.yql.vip.bf1.yahoo.com.,United States,94089,Sunnyvale,California,37.4249,-122.0074,0,0,,https://www.virustotal.com/en/ip-address/72.30.2.74/information/,abuse@yahoo-inc.com,whois.arin.net,2003-12-08,Network Abuse,Netblock Admin,Inktomi Corporation,,us,ARIN,72.30.0.0/19,yahoo!,US,-122.0074,37.4249,False,26101,YAHOO-3 - Yahoo!,False,,,,,0,0,Yahoo!,Inktomi Corporation,ats1.apple-finance.yql.vip.bf1.yahoo.com,AS14777,443; 80,Sunnyvale,CA,94089,United States,US,USA,,408,807,2016-09-02T07:19:30.097477,37.4249,-122.0074,,https://www.shodan.io/host/72.30.2.74,http; https,2016-09-16T07:50:28+00:00,Sunnyvale,California,United States,US,-122.0074,37.4249,United States,US,94089,America/Los_Angeles,North America,"Yahoo!, US","YAHOO-3 - Yahoo!, US",unknown,72.30.0.0/19,,"[7018, 1299, 10310, 10310, 10310, 10310, 26101]",26101,YAHOO-3,80/http; 443/https,,https://censys.io/ipv4/72.30.2.74,https://www.threatcrowd.org/ip.php?ip=72.30.2.74,0,,0,3,0,,https://otx.alienvault.com/indicator/ip/72.30.2.74,94089,US,Sunnyvale,http://whois.domaintools.com/72.30.2.74,807,United States,408,NA,37.4249000549,-122.007400513,AS26101 Yahoo!,USA,,,,,,,,https://isc.sans.edu/ipinfo.html?ip=72.30.2.74,9377,None,2016-09-17 01:48:21,,72.30.0.0/19,102,2016-01-29,2016-09-16,72.30.2.74,None,26101,"YAHOO-3 - Yahoo!,",592107,US,abuse@yahoo-inc.com,,,,,
74.125.34.101,74.125.34.101,ghs-vip-any-c101.ghs-ssl.googlehosted.com.,United States,94043,Mountain View,California,37.4192,-122.0574,1,0,,https://www.virustotal.com/en/ip-address/74.125.34.101/information/,arin-contact@google.com,whois.arin.net,2004-12-06,Abuse,Google Inc,Google Inc.,,us,ARIN,74.125.0.0/18,malware; google,US,-122.0574,37.4192,False,15169,GOOGLE - Google Inc.,False,,,,,52,0,Google,Google,ghs-vip-any-c101.ghs-ssl.googlehosted.com,AS15169,80; 443; 25; 993; 587; 995,Mountain View,CA,94043,United States,US,USA,,650,807,2016-09-14T09:35:26.137609,37.4192,-122.0574,,https://www.shodan.io/host/74.125.34.101,http; pop3s; smtp; imaps; https,2016-09-14T16:04:30+00:00,Mountain View,California,United States,US,-122.0574,37.4192,United States,US,94043,America/Los_Angeles,North America,"Google Inc., US","GOOGLE - Google Inc., US",unknown,74.125.0.0/18,,[15169],15169,GOOGLE,80/http; 995/pop3s; 25/smtp; 993/imaps; 443/https; 465/smtps,,https://censys.io/ipv4/74.125.34.101,https://www.threatcrowd.org/ip.php?ip=74.125.34.101,,,0,0,0,,https://otx.alienvault.com/indicator/ip/74.125.34.101,94043,US,Mountain View,http://whois.domaintools.com/74.125.34.101,807,United States,650,NA,37.4192008972,-122.057403564,AS15169 Google Inc.,USA,,,,,,,,https://isc.sans.edu/ipinfo.html?ip=74.125.34.101,None,None,None,,74.125.0.0/16,None,None,None,74.125.34.101,None,15169,"GOOGLE - Google Inc.,",609498,US,network-abuse@google.com,,,,,
83.31.179.71,83.31.179.71,cnz71.neoplus.adsl.tpnet.pl.,Poland,None,None,None,52.2333,21.0167,0,0,,https://www.virustotal.com/en/ip-address/83.31.179.71/information/,cert.opl@orange.com,whois.ripe.net,2002-11-01,TP S.A. Hostmaster,,NEOSTRADA-ADSL,Neostrada Plus,pl,RIPE NCC,83.24.0.0/13,tpnetorange_polska_spolka_akcyjna,PL,21.0,52.25,False,5617,TPNET Orange Polska Spolka Akcyjna,False,,,,,0,0,Neostrada Plus,Neostrada Plus,cnz71.neoplus.adsl.tpnet.pl,AS5617,24548,None,None,None,Poland,PL,POL,,None,None,2016-08-21T06:27:08.890285,52.2333,21.0167,,https://www.shodan.io/host/83.31.179.71,,,,,,,,,,,,,,,,,,,,,,,,https://censys.io/ipv4/83.31.179.71,https://www.threatcrowd.org/ip.php?ip=83.31.179.71,,,0,0,0,,https://otx.alienvault.com/indicator/ip/83.31.179.71,None,PL,None,http://whois.domaintools.com/83.31.179.71,0,Poland,0,EU,52.2332992554,21.0167007446,AS5617 TPNET,POL,,,,,,,,https://isc.sans.edu/ipinfo.html?ip=83.31.179.71,2,None,2016-08-26 14:21:22,,83.24.0.0/13,2,2016-08-26,2016-08-26,83.31.179.71,None,5617,"TPNET ,",4459069,PL,cert.opl@orange.com,,,,,
85.25.217.155,85.25.217.155,loft10479.dedicatedpanel.com.,Germany,None,None,None,51.2993,9.491,1,0,,https://www.virustotal.com/en/ip-address/85.25.217.155/information/,abuse@hosteurope.de,whois.ripe.net,2003-12-04,HEG Mass,HEG Mass,DE-HEG-MASS,Mass Sub Alloc,de,RIPE NCC,85.25.217.0/24,plusserver-as_intergenia_ag,DE,9.0,51.0,False,8972,PLUSSERVER-AS intergenia AG,False,,,,,0,0,PlusServer AG,PlusServer AG,loft10479.dedicatedpanel.com,AS8972,25; 22,None,None,None,Germany,DE,DEU,,None,None,2016-09-04T10:22:07.025314,51.0,9.0,,https://www.shodan.io/host/85.25.217.155,,,,,,,,,,,,,,,,,,,,,,,,https://censys.io/ipv4/85.25.217.155,https://www.threatcrowd.org/ip.php?ip=85.25.217.155,0,https://otx.alienvault.com/pulse/57ab8a1f20189d0137f72d71/%7Chttps://www.autoshun.org/,0,0,0,,https://otx.alienvault.com/indicator/ip/85.25.217.155,47652,DE,HÃ¶st,http://whois.domaintools.com/85.25.217.155,0,Germany,0,EU,51.6500015259,6.18330001831,AS8972 PLUSSERVER-AS,DEU,8972,2,2015-03-30T02:25:10,Malicious Host; Scanning Host,2016-08-03T18:12:04,PlusServer AG,DE (Germany),https://isc.sans.edu/ipinfo.html?ip=85.25.217.155,15370,None,2016-09-03 18:57:55,ciarmy,85.25.217.0/24,2005,2016-07-28,2016-08-26,85.25.217.155,None,8972,"PLUSSERVER-AS ,",147705,DE,abuse@plusserver.de,,,,,
93.174.93.94,93.174.93.94,no-reverse-dns-configured.com.,Netherlands,None,None,None,52.3824,4.8995,0,0,,https://www.virustotal.com/en/ip-address/93.174.93.94/information/,,whois.ripe.net,2006-12-03,Quasi Networks LTD,Quasi Networks LTD,SC-QUASI55,QUASI,sc,RIPE NCC,93.174.88.0/21,ecatel,NL,5.75,52.5,False,29073,ECATEL-AS AS29073,False,,,,,0,0,Ecatel LTD,Ecatel LTD,no-reverse-dns-configured.com,AS29073,3128; 111; 22,None,None,None,Netherlands,NL,NLD,,None,None,2016-08-31T01:24:36.621581,52.3667,4.9,,https://www.shodan.io/host/93.174.93.94,,,,,,,,,,,,,,,,,,,,,,,,https://censys.io/ipv4/93.174.93.94,https://www.threatcrowd.org/ip.php?ip=93.174.93.94,-1,,0,1,0,,https://otx.alienvault.com/indicator/ip/93.174.93.94,None,SC,None,http://whois.domaintools.com/93.174.93.94,0,Seychelles,0,AF,-4.58330011368,55.6666984558,AS29073 QUASINETWORKS,SYC,29073,2,2016-09-02T18:39:38,Malicious Host,2016-09-04T18:54:31,Ecatel LTD,NL (Netherlands),https://isc.sans.edu/ipinfo.html?ip=93.174.93.94,114065,None,2016-09-04 15:03:51,blocklistdeapache; blocklistde80; ciarmy; emergincompromised; blocklistde443,93.174.88.0/21,627,2015-12-22,2016-09-04,93.174.93.94,None,29073,"QUASINETWORKS ,",12781,NL,abuse@quasinetworks.com,,,,,
